Product Name,Prices,Ratings
APPLE 2020 Macbook Air M1 - (8 GB/256 GB SSD/Mac OS Big Sur) MGN63HN/A,"Rs. 88,990",4.7
APPLE 2020 Macbook Air M1 - (8 GB/256 GB SSD/Mac OS Big Sur) MGND3HN/A,"Rs. 88,990",4.7
APPLE 2020 Macbook Air M1 - (8 GB/256 GB SSD/Mac OS Big Sur) MGN93HN/A,"Rs. 88,990",4.7
APPLE 2020 Macbook Air M1 - (8 GB/512 GB SSD/Mac OS Big Sur) MGNE3HN/A,"Rs. 1,04,990",4.6
APPLE MacBook Air M1 - (16 GB/512 GB SSD/Mac OS Big Sur) Z124J002KD,"Rs. 1,24,990",4.7
APPLE MacBook Air M1 - (16 GB/256 GB SSD/Mac OS Big Sur) Z124J001KD,"Rs. 1,04,990",4.7
APPLE MacBook Air M1 - (16 GB/512 GB SSD/Mac OS Big Sur) Z124J006KD,"Rs. 1,24,990",4.7
APPLE MacBook Air M1 - (16 GB/256 GB SSD/Mac OS Big Sur) Z124J005KD,"Rs. 1,04,990",4.7
APPLE MacBook Air M1 - (8 GB/512 GB SSD/Mac OS Big Sur) Z12400092,"Rs. 1,04,990",4.7
APPLE 2021 Macbook Pro M1 Pro - (16 GB/512 GB SSD/Mac OS Monterey) MKGR3HN/A,"Rs. 1,81,990",4.8
APPLE 2021 Macbook Pro M1 Max - (32 GB/1 TB SSD/Mac OS Monterey) MK1A3HN/A,"Rs. 3,06,990",4.6
APPLE 2021 Macbook Pro M1 Pro - (16 GB/512 GB SSD/Mac OS Monterey) MK183HN/A,"Rs. 2,22,990",4.8
APPLE 2021 Macbook Pro M1 Pro - (16 GB/1 TB SSD/Mac OS Monterey) MKGQ3HN/A,"Rs. 2,22,990",4.8
APPLE 2021 Macbook Pro M1 Pro - (16 GB/1 TB SSD/Mac OS Monterey) MKGT3HN/A,"Rs. 2,22,990",4.8
APPLE 2021 Macbook Pro M1 Pro - (16 GB/1 TB SSD/Mac OS Monterey) MK1F3HN/A,"Rs. 2,41,990",4.8
APPLE 2021 Macbook Pro M1 Pro - (16 GB/512 GB SSD/Mac OS Monterey) MK1E3HN/A,"Rs. 2,22,990",4.8
APPLE 2021 Macbook Pro M1 Max - (32 GB/1 TB SSD/Mac OS Monterey) MK1H3HN/A,"Rs. 3,06,990",4.6
APPLE 2020 Macbook Pro M1 - (8 GB/512 GB SSD/Mac OS Big Sur) MYD92HN/A,"Rs. 1,29,990",4.5
APPLE 2022 MacBook AIR M2 - (8 GB/256 GB SSD/Mac OS Monterey) MLY33HN/A,"Rs. 1,12,990",4.8
APPLE 2022 MacBook AIR M2 - (8 GB/512 GB SSD/Mac OS Monterey) MLY43HN/A,"Rs. 1,39,990",4.6
APPLE 2022 MacBook AIR M2 - (8 GB/256 GB SSD/Mac OS Monterey) MLY13HN/A,"Rs. 1,12,990",4.9
APPLE 2022 MacBook AIR M2 - (8 GB/256 GB SSD/Mac OS Monterey) MLXY3HN/A,"Rs. 1,12,990",4.6
APPLE 2022 MacBook AIR M2 - (8 GB/256 GB SSD/Mac OS Monterey) MLXW3HN/A,"Rs. 1,12,990",4.7
APPLE 2022 MacBook AIR M2 - (8 GB/512 GB SSD/Mac OS Monterey) MLXX3HN/A,"Rs. 1,39,990",4.7
APPLE 2020 Macbook Air M1 - (8 GB/256 GB SSD/Mac OS Big Sur) MGN63HN/A,"Rs. 88,990",4.7
APPLE 2020 Macbook Air M1 - (8 GB/256 GB SSD/Mac OS Big Sur) MGND3HN/A,"Rs. 88,990",4.7
APPLE 2020 Macbook Air M1 - (8 GB/256 GB SSD/Mac OS Big Sur) MGN93HN/A,"Rs. 88,990",4.7
APPLE 2020 Macbook Air M1 - (8 GB/512 GB SSD/Mac OS Big Sur) MGNE3HN/A,"Rs. 1,04,990",4.6
APPLE MacBook Air M1 - (16 GB/512 GB SSD/Mac OS Big Sur) Z124J002KD,"Rs. 1,24,990",4.7
APPLE MacBook Air M1 - (16 GB/256 GB SSD/Mac OS Big Sur) Z124J001KD,"Rs. 1,04,990",4.7
APPLE MacBook Air M1 - (16 GB/512 GB SSD/Mac OS Big Sur) Z124J006KD,"Rs. 1,24,990",4.7
APPLE MacBook Air M1 - (16 GB/256 GB SSD/Mac OS Big Sur) Z124J005KD,"Rs. 1,04,990",4.7
APPLE MacBook Air M1 - (8 GB/512 GB SSD/Mac OS Big Sur) Z12400092,"Rs. 1,04,990",4.7
APPLE 2021 Macbook Pro M1 Pro - (16 GB/512 GB SSD/Mac OS Monterey) MKGR3HN/A,"Rs. 1,81,990",4.8
APPLE 2021 Macbook Pro M1 Max - (32 GB/1 TB SSD/Mac OS Monterey) MK1A3HN/A,"Rs. 3,06,990",4.6
APPLE 2021 Macbook Pro M1 Pro - (16 GB/512 GB SSD/Mac OS Monterey) MK183HN/A,"Rs. 2,22,990",4.8
APPLE 2021 Macbook Pro M1 Pro - (16 GB/1 TB SSD/Mac OS Monterey) MK1F3HN/A,"Rs. 2,41,990",4.8
APPLE 2021 Macbook Pro M1 Pro - (16 GB/1 TB SSD/Mac OS Monterey) MKGQ3HN/A,"Rs. 2,22,990",4.8
APPLE 2021 Macbook Pro M1 Pro - (16 GB/512 GB SSD/Mac OS Monterey) MK1E3HN/A,"Rs. 2,22,990",4.8
APPLE 2021 Macbook Pro M1 Pro - (16 GB/1 TB SSD/Mac OS Monterey) MKGT3HN/A,"Rs. 2,22,990",4.8
APPLE 2021 Macbook Pro M1 Max - (32 GB/1 TB SSD/Mac OS Monterey) MK1H3HN/A,"Rs. 3,06,990",4.6
APPLE 2020 Macbook Pro M1 - (8 GB/512 GB SSD/Mac OS Big Sur) MYD92HN/A,"Rs. 1,29,990",4.5
APPLE 2022 MacBook AIR M2 - (8 GB/256 GB SSD/Mac OS Monterey) MLY33HN/A,"Rs. 1,12,990",4.8
APPLE 2022 MacBook AIR M2 - (8 GB/512 GB SSD/Mac OS Monterey) MLY43HN/A,"Rs. 1,39,990",4.6
APPLE 2022 MacBook AIR M2 - (8 GB/256 GB SSD/Mac OS Monterey) MLY13HN/A,"Rs. 1,12,990",4.9
APPLE 2022 MacBook AIR M2 - (8 GB/256 GB SSD/Mac OS Monterey) MLXY3HN/A,"Rs. 1,12,990",4.6
APPLE 2022 MacBook AIR M2 - (8 GB/512 GB SSD/Mac OS Monterey) MLXX3HN/A,"Rs. 1,39,990",4.7
APPLE 2022 MacBook AIR M2 - (8 GB/256 GB SSD/Mac OS Monterey) MLXW3HN/A,"Rs. 1,12,990",4.7
APPLE 2020 Macbook Air M1 - (8 GB/256 GB SSD/Mac OS Big Sur) MGN63HN/A,"Rs. 88,990",4.7
APPLE 2020 Macbook Air M1 - (8 GB/256 GB SSD/Mac OS Big Sur) MGND3HN/A,"Rs. 88,990",4.7
APPLE 2020 Macbook Air M1 - (8 GB/256 GB SSD/Mac OS Big Sur) MGN93HN/A,"Rs. 88,990",4.7
APPLE 2020 Macbook Air M1 - (8 GB/512 GB SSD/Mac OS Big Sur) MGNE3HN/A,"Rs. 1,04,990",4.6
APPLE MacBook Air M1 - (16 GB/512 GB SSD/Mac OS Big Sur) Z124J002KD,"Rs. 1,24,990",4.7
APPLE MacBook Air M1 - (16 GB/256 GB SSD/Mac OS Big Sur) Z124J001KD,"Rs. 1,04,990",4.7
APPLE MacBook Air M1 - (16 GB/512 GB SSD/Mac OS Big Sur) Z124J006KD,"Rs. 1,24,990",4.7
APPLE MacBook Air M1 - (16 GB/256 GB SSD/Mac OS Big Sur) Z124J005KD,"Rs. 1,04,990",4.7
APPLE MacBook Air M1 - (8 GB/512 GB SSD/Mac OS Big Sur) Z12400092,"Rs. 1,04,990",4.7
APPLE 2021 Macbook Pro M1 Pro - (16 GB/512 GB SSD/Mac OS Monterey) MKGR3HN/A,"Rs. 1,81,990",4.8
APPLE 2021 Macbook Pro M1 Max - (32 GB/1 TB SSD/Mac OS Monterey) MK1A3HN/A,"Rs. 3,06,990",4.6
APPLE 2021 Macbook Pro M1 Pro - (16 GB/512 GB SSD/Mac OS Monterey) MK183HN/A,"Rs. 2,22,990",4.8
APPLE 2021 Macbook Pro M1 Pro - (16 GB/1 TB SSD/Mac OS Monterey) MKGQ3HN/A,"Rs. 2,22,990",4.8
APPLE 2021 Macbook Pro M1 Pro - (16 GB/1 TB SSD/Mac OS Monterey) MKGT3HN/A,"Rs. 2,22,990",4.8
APPLE 2021 Macbook Pro M1 Pro - (16 GB/1 TB SSD/Mac OS Monterey) MK1F3HN/A,"Rs. 2,41,990",4.8
APPLE 2021 Macbook Pro M1 Pro - (16 GB/512 GB SSD/Mac OS Monterey) MK1E3HN/A,"Rs. 2,22,990",4.8
APPLE 2021 Macbook Pro M1 Max - (32 GB/1 TB SSD/Mac OS Monterey) MK1H3HN/A,"Rs. 3,06,990",4.6
APPLE 2020 Macbook Pro M1 - (8 GB/512 GB SSD/Mac OS Big Sur) MYD92HN/A,"Rs. 1,29,990",4.5
APPLE 2022 MacBook AIR M2 - (8 GB/256 GB SSD/Mac OS Monterey) MLY33HN/A,"Rs. 1,12,990",4.8
APPLE 2022 MacBook AIR M2 - (8 GB/512 GB SSD/Mac OS Monterey) MLY43HN/A,"Rs. 1,39,990",4.6
APPLE 2022 MacBook AIR M2 - (8 GB/256 GB SSD/Mac OS Monterey) MLY13HN/A,"Rs. 1,12,990",4.9
APPLE 2022 MacBook AIR M2 - (8 GB/256 GB SSD/Mac OS Monterey) MLXY3HN/A,"Rs. 1,12,990",4.6
APPLE 2022 MacBook AIR M2 - (8 GB/256 GB SSD/Mac OS Monterey) MLXW3HN/A,"Rs. 1,12,990",4.7
APPLE 2022 MacBook AIR M2 - (8 GB/512 GB SSD/Mac OS Monterey) MLXX3HN/A,"Rs. 1,39,990",4.7
APPLE 2020 Macbook Air M1 - (8 GB/256 GB SSD/Mac OS Big Sur) MGN63HN/A,"Rs. 88,990",4.7
APPLE 2020 Macbook Air M1 - (8 GB/256 GB SSD/Mac OS Big Sur) MGND3HN/A,"Rs. 88,990",4.7
APPLE 2020 Macbook Air M1 - (8 GB/256 GB SSD/Mac OS Big Sur) MGN93HN/A,"Rs. 88,990",4.7
APPLE 2020 Macbook Air M1 - (8 GB/512 GB SSD/Mac OS Big Sur) MGNE3HN/A,"Rs. 1,04,990",4.6
APPLE MacBook Air M1 - (16 GB/512 GB SSD/Mac OS Big Sur) Z124J002KD,"Rs. 1,24,990",4.7
APPLE MacBook Air M1 - (16 GB/256 GB SSD/Mac OS Big Sur) Z124J001KD,"Rs. 1,04,990",4.7
APPLE MacBook Air M1 - (16 GB/512 GB SSD/Mac OS Big Sur) Z124J006KD,"Rs. 1,24,990",4.7
APPLE MacBook Air M1 - (16 GB/256 GB SSD/Mac OS Big Sur) Z124J005KD,"Rs. 1,04,990",4.7
APPLE MacBook Air M1 - (8 GB/512 GB SSD/Mac OS Big Sur) Z12400092,"Rs. 1,04,990",4.7
APPLE 2021 Macbook Pro M1 Pro - (16 GB/512 GB SSD/Mac OS Monterey) MKGR3HN/A,"Rs. 1,81,990",4.8
APPLE 2021 Macbook Pro M1 Max - (32 GB/1 TB SSD/Mac OS Monterey) MK1A3HN/A,"Rs. 3,06,990",4.6
APPLE 2021 Macbook Pro M1 Pro - (16 GB/512 GB SSD/Mac OS Monterey) MK183HN/A,"Rs. 2,22,990",4.8
APPLE 2021 Macbook Pro M1 Pro - (16 GB/1 TB SSD/Mac OS Monterey) MKGQ3HN/A,"Rs. 2,22,990",4.8
APPLE 2021 Macbook Pro M1 Pro - (16 GB/1 TB SSD/Mac OS Monterey) MKGT3HN/A,"Rs. 2,22,990",4.8
APPLE 2021 Macbook Pro M1 Pro - (16 GB/1 TB SSD/Mac OS Monterey) MK1F3HN/A,"Rs. 2,41,990",4.8
APPLE 2021 Macbook Pro M1 Pro - (16 GB/512 GB SSD/Mac OS Monterey) MK1E3HN/A,"Rs. 2,22,990",4.8
APPLE 2021 Macbook Pro M1 Max - (32 GB/1 TB SSD/Mac OS Monterey) MK1H3HN/A,"Rs. 3,06,990",4.6
APPLE 2020 Macbook Pro M1 - (8 GB/512 GB SSD/Mac OS Big Sur) MYD92HN/A,"Rs. 1,29,990",4.5
APPLE 2022 MacBook AIR M2 - (8 GB/256 GB SSD/Mac OS Monterey) MLY33HN/A,"Rs. 1,12,990",4.8
APPLE 2022 MacBook AIR M2 - (8 GB/512 GB SSD/Mac OS Monterey) MLY43HN/A,"Rs. 1,39,990",4.6
APPLE 2022 MacBook AIR M2 - (8 GB/256 GB SSD/Mac OS Monterey) MLY13HN/A,"Rs. 1,12,990",4.9
APPLE 2022 MacBook AIR M2 - (8 GB/256 GB SSD/Mac OS Monterey) MLXY3HN/A,"Rs. 1,12,990",4.6
APPLE 2022 MacBook AIR M2 - (8 GB/256 GB SSD/Mac OS Monterey) MLXW3HN/A,"Rs. 1,12,990",4.7
APPLE 2022 MacBook AIR M2 - (8 GB/512 GB SSD/Mac OS Monterey) MLXX3HN/A,"Rs. 1,39,990",4.7
APPLE 2020 Macbook Air M1 - (8 GB/256 GB SSD/Mac OS Big Sur) MGN63HN/A,"Rs. 88,990",4.7
APPLE 2020 Macbook Air M1 - (8 GB/256 GB SSD/Mac OS Big Sur) MGND3HN/A,"Rs. 88,990",4.7
APPLE 2020 Macbook Air M1 - (8 GB/256 GB SSD/Mac OS Big Sur) MGN93HN/A,"Rs. 88,990",4.7
APPLE 2020 Macbook Air M1 - (8 GB/512 GB SSD/Mac OS Big Sur) MGNE3HN/A,"Rs. 1,04,990",4.6
APPLE MacBook Air M1 - (16 GB/512 GB SSD/Mac OS Big Sur) Z124J002KD,"Rs. 1,24,990",4.7
APPLE MacBook Air M1 - (16 GB/256 GB SSD/Mac OS Big Sur) Z124J001KD,"Rs. 1,04,990",4.7
APPLE MacBook Air M1 - (16 GB/512 GB SSD/Mac OS Big Sur) Z124J006KD,"Rs. 1,24,990",4.7
APPLE MacBook Air M1 - (16 GB/256 GB SSD/Mac OS Big Sur) Z124J005KD,"Rs. 1,04,990",4.7
APPLE MacBook Air M1 - (8 GB/512 GB SSD/Mac OS Big Sur) Z12400092,"Rs. 1,04,990",4.7
APPLE 2021 Macbook Pro M1 Pro - (16 GB/512 GB SSD/Mac OS Monterey) MKGR3HN/A,"Rs. 1,81,990",4.8
APPLE 2021 Macbook Pro M1 Max - (32 GB/1 TB SSD/Mac OS Monterey) MK1A3HN/A,"Rs. 3,06,990",4.6
APPLE 2021 Macbook Pro M1 Pro - (16 GB/512 GB SSD/Mac OS Monterey) MK183HN/A,"Rs. 2,22,990",4.8
APPLE 2021 Macbook Pro M1 Pro - (16 GB/1 TB SSD/Mac OS Monterey) MKGQ3HN/A,"Rs. 2,22,990",4.8
APPLE 2021 Macbook Pro M1 Pro - (16 GB/1 TB SSD/Mac OS Monterey) MKGT3HN/A,"Rs. 2,22,990",4.8
APPLE 2021 Macbook Pro M1 Pro - (16 GB/1 TB SSD/Mac OS Monterey) MK1F3HN/A,"Rs. 2,41,990",4.8
APPLE 2021 Macbook Pro M1 Pro - (16 GB/512 GB SSD/Mac OS Monterey) MK1E3HN/A,"Rs. 2,22,990",4.8
APPLE 2021 Macbook Pro M1 Max - (32 GB/1 TB SSD/Mac OS Monterey) MK1H3HN/A,"Rs. 3,06,990",4.6
APPLE 2020 Macbook Pro M1 - (8 GB/512 GB SSD/Mac OS Big Sur) MYD92HN/A,"Rs. 1,29,990",4.5
APPLE 2022 MacBook AIR M2 - (8 GB/256 GB SSD/Mac OS Monterey) MLY33HN/A,"Rs. 1,12,990",4.8
APPLE 2022 MacBook AIR M2 - (8 GB/512 GB SSD/Mac OS Monterey) MLY43HN/A,"Rs. 1,39,990",4.6
APPLE 2022 MacBook AIR M2 - (8 GB/256 GB SSD/Mac OS Monterey) MLY13HN/A,"Rs. 1,12,990",4.9
APPLE 2022 MacBook AIR M2 - (8 GB/256 GB SSD/Mac OS Monterey) MLXY3HN/A,"Rs. 1,12,990",4.6
APPLE 2022 MacBook AIR M2 - (8 GB/256 GB SSD/Mac OS Monterey) MLXW3HN/A,"Rs. 1,12,990",4.7
APPLE 2022 MacBook AIR M2 - (8 GB/512 GB SSD/Mac OS Monterey) MLXX3HN/A,"Rs. 1,39,990",4.7
APPLE 2020 Macbook Air M1 - (8 GB/256 GB SSD/Mac OS Big Sur) MGN63HN/A,"Rs. 88,990",4.7
APPLE 2020 Macbook Air M1 - (8 GB/256 GB SSD/Mac OS Big Sur) MGND3HN/A,"Rs. 88,990",4.7
APPLE 2020 Macbook Air M1 - (8 GB/256 GB SSD/Mac OS Big Sur) MGN93HN/A,"Rs. 88,990",4.7
APPLE 2020 Macbook Air M1 - (8 GB/512 GB SSD/Mac OS Big Sur) MGNE3HN/A,"Rs. 1,04,990",4.6
APPLE MacBook Air M1 - (16 GB/512 GB SSD/Mac OS Big Sur) Z124J002KD,"Rs. 1,24,990",4.7
APPLE MacBook Air M1 - (16 GB/256 GB SSD/Mac OS Big Sur) Z124J001KD,"Rs. 1,04,990",4.7
APPLE MacBook Air M1 - (16 GB/512 GB SSD/Mac OS Big Sur) Z124J006KD,"Rs. 1,24,990",4.7
APPLE MacBook Air M1 - (16 GB/256 GB SSD/Mac OS Big Sur) Z124J005KD,"Rs. 1,04,990",4.7
APPLE MacBook Air M1 - (8 GB/512 GB SSD/Mac OS Big Sur) Z12400092,"Rs. 1,04,990",4.7
APPLE 2021 Macbook Pro M1 Pro - (16 GB/512 GB SSD/Mac OS Monterey) MKGR3HN/A,"Rs. 1,81,990",4.8
APPLE 2021 Macbook Pro M1 Max - (32 GB/1 TB SSD/Mac OS Monterey) MK1A3HN/A,"Rs. 3,06,990",4.6
APPLE 2021 Macbook Pro M1 Pro - (16 GB/512 GB SSD/Mac OS Monterey) MK183HN/A,"Rs. 2,22,990",4.8
APPLE 2021 Macbook Pro M1 Pro - (16 GB/1 TB SSD/Mac OS Monterey) MK1F3HN/A,"Rs. 2,41,990",4.8
APPLE 2021 Macbook Pro M1 Pro - (16 GB/1 TB SSD/Mac OS Monterey) MKGQ3HN/A,"Rs. 2,22,990",4.8
APPLE 2021 Macbook Pro M1 Pro - (16 GB/512 GB SSD/Mac OS Monterey) MK1E3HN/A,"Rs. 2,22,990",4.8
APPLE 2021 Macbook Pro M1 Pro - (16 GB/1 TB SSD/Mac OS Monterey) MKGT3HN/A,"Rs. 2,22,990",4.8
APPLE 2021 Macbook Pro M1 Max - (32 GB/1 TB SSD/Mac OS Monterey) MK1H3HN/A,"Rs. 3,06,990",4.6
APPLE 2020 Macbook Pro M1 - (8 GB/512 GB SSD/Mac OS Big Sur) MYD92HN/A,"Rs. 1,29,990",4.5
APPLE 2022 MacBook AIR M2 - (8 GB/256 GB SSD/Mac OS Monterey) MLY33HN/A,"Rs. 1,12,990",4.8
APPLE 2022 MacBook AIR M2 - (8 GB/512 GB SSD/Mac OS Monterey) MLY43HN/A,"Rs. 1,39,990",4.6
APPLE 2022 MacBook AIR M2 - (8 GB/256 GB SSD/Mac OS Monterey) MLY13HN/A,"Rs. 1,12,990",4.9
APPLE 2022 MacBook AIR M2 - (8 GB/256 GB SSD/Mac OS Monterey) MLXY3HN/A,"Rs. 1,12,990",4.6
APPLE 2022 MacBook AIR M2 - (8 GB/512 GB SSD/Mac OS Monterey) MLXX3HN/A,"Rs. 1,39,990",4.7
APPLE 2022 MacBook AIR M2 - (8 GB/256 GB SSD/Mac OS Monterey) MLXW3HN/A,"Rs. 1,12,990",4.7
APPLE 2020 Macbook Air M1 - (8 GB/256 GB SSD/Mac OS Big Sur) MGN63HN/A,"Rs. 88,990",4.7
APPLE 2020 Macbook Air M1 - (8 GB/256 GB SSD/Mac OS Big Sur) MGND3HN/A,"Rs. 88,990",4.7
APPLE 2020 Macbook Air M1 - (8 GB/256 GB SSD/Mac OS Big Sur) MGN93HN/A,"Rs. 88,990",4.7
APPLE 2020 Macbook Air M1 - (8 GB/512 GB SSD/Mac OS Big Sur) MGNE3HN/A,"Rs. 1,04,990",4.6
APPLE MacBook Air M1 - (16 GB/512 GB SSD/Mac OS Big Sur) Z124J002KD,"Rs. 1,24,990",4.7
APPLE MacBook Air M1 - (16 GB/256 GB SSD/Mac OS Big Sur) Z124J001KD,"Rs. 1,04,990",4.7
APPLE MacBook Air M1 - (16 GB/512 GB SSD/Mac OS Big Sur) Z124J006KD,"Rs. 1,24,990",4.7
APPLE MacBook Air M1 - (16 GB/256 GB SSD/Mac OS Big Sur) Z124J005KD,"Rs. 1,04,990",4.7
APPLE MacBook Air M1 - (8 GB/512 GB SSD/Mac OS Big Sur) Z12400092,"Rs. 1,04,990",4.7
APPLE 2021 Macbook Pro M1 Pro - (16 GB/512 GB SSD/Mac OS Monterey) MKGR3HN/A,"Rs. 1,81,990",4.8
APPLE 2021 Macbook Pro M1 Max - (32 GB/1 TB SSD/Mac OS Monterey) MK1A3HN/A,"Rs. 3,06,990",4.6
APPLE 2021 Macbook Pro M1 Pro - (16 GB/512 GB SSD/Mac OS Monterey) MK183HN/A,"Rs. 2,22,990",4.8
APPLE 2021 Macbook Pro M1 Pro - (16 GB/1 TB SSD/Mac OS Monterey) MKGQ3HN/A,"Rs. 2,22,990",4.8
APPLE 2021 Macbook Pro M1 Pro - (16 GB/1 TB SSD/Mac OS Monterey) MKGT3HN/A,"Rs. 2,22,990",4.8
APPLE 2021 Macbook Pro M1 Pro - (16 GB/1 TB SSD/Mac OS Monterey) MK1F3HN/A,"Rs. 2,41,990",4.8
APPLE 2021 Macbook Pro M1 Pro - (16 GB/512 GB SSD/Mac OS Monterey) MK1E3HN/A,"Rs. 2,22,990",4.8
APPLE 2021 Macbook Pro M1 Max - (32 GB/1 TB SSD/Mac OS Monterey) MK1H3HN/A,"Rs. 3,06,990",4.6
APPLE 2020 Macbook Pro M1 - (8 GB/512 GB SSD/Mac OS Big Sur) MYD92HN/A,"Rs. 1,29,990",4.5
APPLE 2022 MacBook AIR M2 - (8 GB/256 GB SSD/Mac OS Monterey) MLY33HN/A,"Rs. 1,12,990",4.8
APPLE 2022 MacBook AIR M2 - (8 GB/512 GB SSD/Mac OS Monterey) MLY43HN/A,"Rs. 1,39,990",4.6
APPLE 2022 MacBook AIR M2 - (8 GB/256 GB SSD/Mac OS Monterey) MLY13HN/A,"Rs. 1,12,990",4.9
APPLE 2022 MacBook AIR M2 - (8 GB/256 GB SSD/Mac OS Monterey) MLXY3HN/A,"Rs. 1,12,990",4.6
APPLE 2022 MacBook AIR M2 - (8 GB/256 GB SSD/Mac OS Monterey) MLXW3HN/A,"Rs. 1,12,990",4.7
APPLE 2022 MacBook AIR M2 - (8 GB/512 GB SSD/Mac OS Monterey) MLXX3HN/A,"Rs. 1,39,990",4.7
APPLE 2020 Macbook Air M1 - (8 GB/256 GB SSD/Mac OS Big Sur) MGN63HN/A,"Rs. 88,990",4.7
APPLE 2020 Macbook Air M1 - (8 GB/256 GB SSD/Mac OS Big Sur) MGND3HN/A,"Rs. 88,990",4.7
APPLE 2020 Macbook Air M1 - (8 GB/256 GB SSD/Mac OS Big Sur) MGN93HN/A,"Rs. 88,990",4.7
APPLE 2020 Macbook Air M1 - (8 GB/512 GB SSD/Mac OS Big Sur) MGNE3HN/A,"Rs. 1,04,990",4.6
APPLE MacBook Air M1 - (16 GB/512 GB SSD/Mac OS Big Sur) Z124J002KD,"Rs. 1,24,990",4.7
APPLE MacBook Air M1 - (16 GB/256 GB SSD/Mac OS Big Sur) Z124J001KD,"Rs. 1,04,990",4.7
APPLE MacBook Air M1 - (16 GB/512 GB SSD/Mac OS Big Sur) Z124J006KD,"Rs. 1,24,990",4.7
APPLE MacBook Air M1 - (16 GB/256 GB SSD/Mac OS Big Sur) Z124J005KD,"Rs. 1,04,990",4.7
APPLE MacBook Air M1 - (8 GB/512 GB SSD/Mac OS Big Sur) Z12400092,"Rs. 1,04,990",4.7
APPLE 2021 Macbook Pro M1 Pro - (16 GB/512 GB SSD/Mac OS Monterey) MKGR3HN/A,"Rs. 1,81,990",4.8
APPLE 2021 Macbook Pro M1 Max - (32 GB/1 TB SSD/Mac OS Monterey) MK1A3HN/A,"Rs. 3,06,990",4.6
APPLE 2021 Macbook Pro M1 Pro - (16 GB/512 GB SSD/Mac OS Monterey) MK183HN/A,"Rs. 2,22,990",4.8
APPLE 2021 Macbook Pro M1 Pro - (16 GB/1 TB SSD/Mac OS Monterey) MK1F3HN/A,"Rs. 2,41,990",4.8
APPLE 2021 Macbook Pro M1 Pro - (16 GB/1 TB SSD/Mac OS Monterey) MKGQ3HN/A,"Rs. 2,22,990",4.8
APPLE 2021 Macbook Pro M1 Pro - (16 GB/512 GB SSD/Mac OS Monterey) MK1E3HN/A,"Rs. 2,22,990",4.8
APPLE 2021 Macbook Pro M1 Pro - (16 GB/1 TB SSD/Mac OS Monterey) MKGT3HN/A,"Rs. 2,22,990",4.8
APPLE 2021 Macbook Pro M1 Max - (32 GB/1 TB SSD/Mac OS Monterey) MK1H3HN/A,"Rs. 3,06,990",4.6
APPLE 2020 Macbook Pro M1 - (8 GB/512 GB SSD/Mac OS Big Sur) MYD92HN/A,"Rs. 1,29,990",4.5
APPLE 2022 MacBook AIR M2 - (8 GB/256 GB SSD/Mac OS Monterey) MLY33HN/A,"Rs. 1,12,990",4.8
APPLE 2022 MacBook AIR M2 - (8 GB/512 GB SSD/Mac OS Monterey) MLY43HN/A,"Rs. 1,39,990",4.6
APPLE 2022 MacBook AIR M2 - (8 GB/256 GB SSD/Mac OS Monterey) MLY13HN/A,"Rs. 1,12,990",4.9
APPLE 2022 MacBook AIR M2 - (8 GB/256 GB SSD/Mac OS Monterey) MLXY3HN/A,"Rs. 1,12,990",4.6
APPLE 2022 MacBook AIR M2 - (8 GB/512 GB SSD/Mac OS Monterey) MLXX3HN/A,"Rs. 1,39,990",4.7
APPLE 2022 MacBook AIR M2 - (8 GB/256 GB SSD/Mac OS Monterey) MLXW3HN/A,"Rs. 1,12,990",4.7
APPLE 2020 Macbook Air M1 - (8 GB/256 GB SSD/Mac OS Big Sur) MGN63HN/A,"Rs. 88,990",4.7
APPLE 2020 Macbook Air M1 - (8 GB/256 GB SSD/Mac OS Big Sur) MGND3HN/A,"Rs. 88,990",4.7
APPLE 2020 Macbook Air M1 - (8 GB/256 GB SSD/Mac OS Big Sur) MGN93HN/A,"Rs. 88,990",4.7
APPLE 2020 Macbook Air M1 - (8 GB/512 GB SSD/Mac OS Big Sur) MGNE3HN/A,"Rs. 1,04,990",4.6
APPLE MacBook Air M1 - (16 GB/512 GB SSD/Mac OS Big Sur) Z124J002KD,"Rs. 1,24,990",4.7
APPLE MacBook Air M1 - (16 GB/256 GB SSD/Mac OS Big Sur) Z124J001KD,"Rs. 1,04,990",4.7
APPLE MacBook Air M1 - (16 GB/512 GB SSD/Mac OS Big Sur) Z124J006KD,"Rs. 1,24,990",4.7
APPLE MacBook Air M1 - (16 GB/256 GB SSD/Mac OS Big Sur) Z124J005KD,"Rs. 1,04,990",4.7
APPLE MacBook Air M1 - (8 GB/512 GB SSD/Mac OS Big Sur) Z12400092,"Rs. 1,04,990",4.7
APPLE 2021 Macbook Pro M1 Pro - (16 GB/512 GB SSD/Mac OS Monterey) MKGR3HN/A,"Rs. 1,81,990",4.8
APPLE 2021 Macbook Pro M1 Max - (32 GB/1 TB SSD/Mac OS Monterey) MK1A3HN/A,"Rs. 3,06,990",4.6
APPLE 2021 Macbook Pro M1 Pro - (16 GB/512 GB SSD/Mac OS Monterey) MK183HN/A,"Rs. 2,22,990",4.8
APPLE 2021 Macbook Pro M1 Pro - (16 GB/1 TB SSD/Mac OS Monterey) MKGQ3HN/A,"Rs. 2,22,990",4.8
APPLE 2021 Macbook Pro M1 Pro - (16 GB/1 TB SSD/Mac OS Monterey) MKGT3HN/A,"Rs. 2,22,990",4.8
APPLE 2021 Macbook Pro M1 Pro - (16 GB/1 TB SSD/Mac OS Monterey) MK1F3HN/A,"Rs. 2,41,990",4.8
APPLE 2021 Macbook Pro M1 Pro - (16 GB/512 GB SSD/Mac OS Monterey) MK1E3HN/A,"Rs. 2,22,990",4.8
APPLE 2021 Macbook Pro M1 Max - (32 GB/1 TB SSD/Mac OS Monterey) MK1H3HN/A,"Rs. 3,06,990",4.6
APPLE 2020 Macbook Pro M1 - (8 GB/512 GB SSD/Mac OS Big Sur) MYD92HN/A,"Rs. 1,29,990",4.5
APPLE 2022 MacBook AIR M2 - (8 GB/256 GB SSD/Mac OS Monterey) MLY33HN/A,"Rs. 1,12,990",4.8
APPLE 2022 MacBook AIR M2 - (8 GB/512 GB SSD/Mac OS Monterey) MLY43HN/A,"Rs. 1,39,990",4.6
APPLE 2022 MacBook AIR M2 - (8 GB/256 GB SSD/Mac OS Monterey) MLY13HN/A,"Rs. 1,12,990",4.9
APPLE 2022 MacBook AIR M2 - (8 GB/256 GB SSD/Mac OS Monterey) MLXY3HN/A,"Rs. 1,12,990",4.6
APPLE 2022 MacBook AIR M2 - (8 GB/256 GB SSD/Mac OS Monterey) MLXW3HN/A,"Rs. 1,12,990",4.7
APPLE 2022 MacBook AIR M2 - (8 GB/512 GB SSD/Mac OS Monterey) MLXX3HN/A,"Rs. 1,39,990",4.7
APPLE 2020 Macbook Air M1 - (8 GB/256 GB SSD/Mac OS Big Sur) MGN63HN/A,"Rs. 88,990",4.7
APPLE 2020 Macbook Air M1 - (8 GB/256 GB SSD/Mac OS Big Sur) MGND3HN/A,"Rs. 88,990",4.7
APPLE 2020 Macbook Air M1 - (8 GB/256 GB SSD/Mac OS Big Sur) MGN93HN/A,"Rs. 88,990",4.7
APPLE 2020 Macbook Air M1 - (8 GB/512 GB SSD/Mac OS Big Sur) MGNE3HN/A,"Rs. 1,04,990",4.6
APPLE MacBook Air M1 - (16 GB/512 GB SSD/Mac OS Big Sur) Z124J002KD,"Rs. 1,24,990",4.7
APPLE MacBook Air M1 - (16 GB/256 GB SSD/Mac OS Big Sur) Z124J001KD,"Rs. 1,04,990",4.7
APPLE MacBook Air M1 - (16 GB/512 GB SSD/Mac OS Big Sur) Z124J006KD,"Rs. 1,24,990",4.7
APPLE MacBook Air M1 - (16 GB/256 GB SSD/Mac OS Big Sur) Z124J005KD,"Rs. 1,04,990",4.7
APPLE MacBook Air M1 - (8 GB/512 GB SSD/Mac OS Big Sur) Z12400092,"Rs. 1,04,990",4.7
APPLE 2021 Macbook Pro M1 Pro - (16 GB/512 GB SSD/Mac OS Monterey) MKGR3HN/A,"Rs. 1,81,990",4.8
APPLE 2021 Macbook Pro M1 Max - (32 GB/1 TB SSD/Mac OS Monterey) MK1A3HN/A,"Rs. 3,06,990",4.6
APPLE 2021 Macbook Pro M1 Pro - (16 GB/512 GB SSD/Mac OS Monterey) MK183HN/A,"Rs. 2,22,990",4.8
APPLE 2021 Macbook Pro M1 Pro - (16 GB/1 TB SSD/Mac OS Monterey) MKGQ3HN/A,"Rs. 2,22,990",4.8
APPLE 2021 Macbook Pro M1 Pro - (16 GB/1 TB SSD/Mac OS Monterey) MKGT3HN/A,"Rs. 2,22,990",4.8
APPLE 2021 Macbook Pro M1 Pro - (16 GB/1 TB SSD/Mac OS Monterey) MK1F3HN/A,"Rs. 2,41,990",4.8
APPLE 2021 Macbook Pro M1 Pro - (16 GB/512 GB SSD/Mac OS Monterey) MK1E3HN/A,"Rs. 2,22,990",4.8
APPLE 2021 Macbook Pro M1 Max - (32 GB/1 TB SSD/Mac OS Monterey) MK1H3HN/A,"Rs. 3,06,990",4.6
APPLE 2020 Macbook Pro M1 - (8 GB/512 GB SSD/Mac OS Big Sur) MYD92HN/A,"Rs. 1,29,990",4.5
APPLE 2022 MacBook AIR M2 - (8 GB/256 GB SSD/Mac OS Monterey) MLY33HN/A,"Rs. 1,12,990",4.8
APPLE 2022 MacBook AIR M2 - (8 GB/512 GB SSD/Mac OS Monterey) MLY43HN/A,"Rs. 1,39,990",4.6
APPLE 2022 MacBook AIR M2 - (8 GB/256 GB SSD/Mac OS Monterey) MLY13HN/A,"Rs. 1,12,990",4.9
APPLE 2022 MacBook AIR M2 - (8 GB/256 GB SSD/Mac OS Monterey) MLXY3HN/A,"Rs. 1,12,990",4.6
APPLE 2022 MacBook AIR M2 - (8 GB/256 GB SSD/Mac OS Monterey) MLXW3HN/A,"Rs. 1,12,990",4.7
APPLE 2022 MacBook AIR M2 - (8 GB/512 GB SSD/Mac OS Monterey) MLXX3HN/A,"Rs. 1,39,990",4.7
